<wpml-config>
	<admin-texts>
		<key name="kemet-settings">
                  <key name="blogname"/>
                  <key name="blogdescription"/>
                  <key name="header-html-1-text"/>
                  <key name="header-html-2-text"/>
                  <key name="header-html-1-url"/>
                  <key name="header-html-2-url"/>
                  <key name="header-mobile-html-1-text"/>
                  <key name="header-mobile-html-2-text"/>
                  <key name="header-mobile-html-1-url"/>
                  <key name="header-mobile-html-2-url"/>
                  <key name="header-button-1-label"/>
                  <key name="header-button-2-label"/>
                  <key name="header-mobile-button-1-label"/>
                  <key name="header-mobile-button-2-label"/>
                  <key name="breadcrumbs-prefix"/>
                  <key name="breadcrumbs-separator"/>
                  <key name="footer-copyright-text"/>
		</key>
	</admin-texts>
</wpml-config>
